"'Time','II','PLETH','ABP'"
"'hh:mm:ss.mmm','mV','NU','mmHg'"
"'[21:57:47.000]',0.614,0.475,54.688"
"'[21:57:47.008]',0.654,0.463,53.906"
"'[21:57:47.016]',0.638,0.455,53.906"
"'[21:57:47.024]',0.677,0.443,53.125"
"'[21:57:47.032]',0.693,0.435,53.125"
"'[21:57:47.040]',0.661,0.424,53.125"
"'[21:57:47.048]',0.717,0.416,53.125"
"'[21:57:47.056]',0.701,0.408,53.125"
"'[21:57:47.064]',0.748,0.400,52.344"
"'[21:57:47.072]',0.740,0.388,53.125"
"'[21:57:47.080]',0.811,0.380,53.125"
"'[21:57:47.088]',0.787,0.373,54.688"
"'[21:57:47.096]',0.850,0.365,57.031"
"'[21:57:47.104]',0.843,0.357,60.938"
"'[21:57:47.112]',0.890,0.353,66.406"
"'[21:57:47.120]',0.866,0.345,73.438"
"'[21:57:47.128]',0.929,0.337,80.469"
"'[21:57:47.136]',0.890,0.333,88.281"
"'[21:57:47.144]',0.921,0.325,95.312"
"'[21:57:47.152]',0.866,0.322,101.562"
"'[21:57:47.160]',0.858,0.314,107.031"
"'[21:57:47.168]',0.795,0.310,110.938"
"'[21:57:47.176]',0.780,0.302,113.281"
"'[21:57:47.184]',0.693,0.298,115.625"
"'[21:57:47.192]',0.669,0.290,116.406"
"'[21:57:47.200]',0.622,0.286,116.406"
"'[21:57:47.208]',0.606,0.278,116.406"
"'[21:57:47.216]',0.622,0.275,116.406"
"'[21:57:47.224]',0.583,0.267,115.625"
"'[21:57:47.232]',0.606,0.263,114.844"
"'[21:57:47.240]',0.575,0.259,114.062"
"'[21:57:47.248]',0.614,0.255,112.500"
"'[21:57:47.256]',0.567,0.251,111.719"
"'[21:57:47.264]',0.614,0.247,110.938"
"'[21:57:47.272]',0.583,0.247,110.156"
"'[21:57:47.280]',0.622,0.247,109.375"
"'[21:57:47.288]',0.598,0.251,107.812"
"'[21:57:47.296]',0.630,0.255,107.031"
"'[21:57:47.304]',0.598,0.267,105.469"
"'[21:57:47.312]',0.638,0.278,103.906"
"'[21:57:47.320]',0.606,0.298,101.562"
"'[21:57:47.328]',0.638,0.318,99.219"
"'[21:57:47.336]',0.606,0.345,96.875"
"'[21:57:47.344]',0.638,0.373,93.750"
"'[21:57:47.352]',0.598,0.404,90.625"
"'[21:57:47.360]',0.638,0.439,87.500"
"'[21:57:47.368]',0.598,0.475,84.375"
"'[21:57:47.376]',0.638,0.506,81.250"
"'[21:57:47.384]',0.598,0.557,78.906"
"'[21:57:47.392]',0.638,0.588,76.562"
"'[21:57:47.400]',0.606,0.620,75.000"
"'[21:57:47.408]',0.638,0.655,73.438"
"'[21:57:47.416]',0.622,0.678,72.656"
"'[21:57:47.424]',0.669,0.698,71.875"
"'[21:57:47.432]',0.685,0.714,71.094"
"'[21:57:47.440]',0.677,0.725,71.094"
"'[21:57:47.448]',0.740,0.737,71.094"
"'[21:57:47.456]',0.709,0.745,70.312"
"'[21:57:47.464]',0.756,0.753,70.312"
"'[21:57:47.472]',0.701,0.761,70.312"
"'[21:57:47.480]',0.685,0.765,69.531"
"'[21:57:47.488]',0.654,0.765,69.531"
"'[21:57:47.496]',0.669,0.769,68.750"
"'[21:57:47.504]',0.622,0.769,67.969"
"'[21:57:47.512]',0.638,0.769,67.969"
"'[21:57:47.520]',0.598,0.765,67.188"
"'[21:57:47.528]',0.614,0.761,66.406"
"'[21:57:47.536]',0.567,0.753,65.625"
"'[21:57:47.544]',0.606,0.745,65.625"
"'[21:57:47.552]',0.583,0.737,64.844"
"'[21:57:47.560]',0.606,0.725,64.062"
"'[21:57:47.568]',0.583,0.714,63.281"
"'[21:57:47.576]',0.614,0.702,62.500"
"'[21:57:47.584]',0.583,0.686,62.500"
"'[21:57:47.592]',0.614,0.675,61.719"
"'[21:57:47.600]',0.535,0.659,60.938"
"'[21:57:47.608]',0.512,0.643,60.156"
"'[21:57:47.616]',0.850,0.627,60.156"
"'[21:57:47.624]',1.504,0.616,59.375"
"'[21:57:47.632]',1.504,0.604,59.375"
"'[21:57:47.640]',1.504,0.592,58.594"
"'[21:57:47.648]',0.850,0.580,58.594"
"'[21:57:47.656]',0.528,0.573,57.812"
"'[21:57:47.664]',0.512,0.561,57.812"
"'[21:57:47.672]',0.512,0.553,57.812"
"'[21:57:47.680]',0.591,0.545,57.812"
"'[21:57:47.688]',0.583,0.537,57.031"
"'[21:57:47.696]',0.622,0.529,57.031"
"'[21:57:47.704]',0.598,0.522,57.031"
"'[21:57:47.712]',0.638,0.514,57.031"
"'[21:57:47.720]',0.614,0.506,56.250"
"'[21:57:47.728]',0.654,0.498,56.250"
"'[21:57:47.736]',0.622,0.490,56.250"
"'[21:57:47.744]',0.669,0.482,55.469"
"'[21:57:47.752]',0.630,0.471,55.469"
"'[21:57:47.760]',0.693,0.463,54.688"
"'[21:57:47.768]',0.654,0.455,54.688"
"'[21:57:47.776]',0.709,0.443,53.906"
"'[21:57:47.784]',0.685,0.435,53.906"
"'[21:57:47.792]',0.724,0.424,53.125"
"'[21:57:47.800]',0.709,0.416,53.125"
"'[21:57:47.808]',0.748,0.408,53.125"
"'[21:57:47.816]',0.748,0.400,52.344"
"'[21:57:47.824]',0.780,0.388,52.344"
"'[21:57:47.832]',0.764,0.380,52.344"
"'[21:57:47.840]',0.795,0.373,51.562"
"'[21:57:47.848]',0.827,0.365,51.562"
"'[21:57:47.856]',0.811,0.357,51.562"
"'[21:57:47.864]',0.866,0.349,52.344"
"'[21:57:47.872]',0.843,0.345,53.125"
"'[21:57:47.880]',0.906,0.337,55.469"
"'[21:57:47.888]',0.882,0.333,59.375"
"'[21:57:47.896]',0.945,0.325,64.062"
"'[21:57:47.904]',0.929,0.318,71.094"
"'[21:57:47.912]',0.969,0.314,78.125"
"'[21:57:47.920]',0.929,0.310,85.938"
"'[21:57:47.928]',0.961,0.302,92.969"
"'[21:57:47.936]',0.921,0.298,100.000"
"'[21:57:47.944]',0.929,0.294,105.469"
"'[21:57:47.952]',0.850,0.294,109.375"
"'[21:57:47.960]',0.835,0.290,112.500"
"'[21:57:47.968]',0.740,0.286,114.062"
"'[21:57:47.976]',0.748,0.282,114.844"
"'[21:57:47.984]',0.677,0.275,115.625"
"'[21:57:47.992]',0.693,0.271,115.625"
"'[21:57:48.000]',0.638,0.267,114.844"
"'[21:57:48.008]',0.669,0.263,114.844"
"'[21:57:48.016]',0.638,0.259,114.062"
"'[21:57:48.024]',0.638,0.251,112.500"
"'[21:57:48.032]',0.669,0.247,111.719"
"'[21:57:48.040]',0.622,0.243,110.938"
"'[21:57:48.048]',0.669,0.243,110.156"
"'[21:57:48.056]',0.630,0.243,108.594"
"'[21:57:48.064]',0.677,0.243,107.812"
"'[21:57:48.072]',0.630,0.243,106.250"
"'[21:57:48.080]',0.685,0.251,105.469"
"'[21:57:48.088]',0.638,0.259,103.906"
"'[21:57:48.096]',0.669,0.275,102.344"
"'[21:57:48.104]',0.638,0.290,100.000"
"'[21:57:48.112]',0.669,0.314,97.656"
"'[21:57:48.120]',0.638,0.341,95.312"
"'[21:57:48.128]',0.677,0.369,92.188"
"'[21:57:48.136]',0.638,0.404,89.062"
"'[21:57:48.144]',0.669,0.459,85.938"
"'[21:57:48.152]',0.638,0.494,82.812"
"'[21:57:48.160]',0.669,0.525,79.688"
"'[21:57:48.168]',0.622,0.576,77.344"
"'[21:57:48.176]',0.669,0.608,75.000"
"'[21:57:48.184]',0.622,0.639,73.438"
"'[21:57:48.192]',0.654,0.663,72.656"
"'[21:57:48.200]',0.622,0.686,71.875"
"'[21:57:48.208]',0.685,0.706,71.094"
"'[21:57:48.216]',0.685,0.722,71.094"
"'[21:57:48.224]',0.724,0.737,70.312"
"'[21:57:48.232]',0.717,0.745,70.312"
"'[21:57:48.240]',0.764,0.757,70.312"
"'[21:57:48.248]',0.764,0.765,70.312"
"'[21:57:48.256]',0.740,0.773,69.531"
"'[21:57:48.264]',0.748,0.776,69.531"
"'[21:57:48.272]',0.669,0.780,68.750"
"'[21:57:48.280]',0.693,0.780,68.750"
"'[21:57:48.288]',0.646,0.780,67.969"
"'[21:57:48.296]',0.669,0.780,67.188"
"'[21:57:48.304]',0.614,0.776,67.188"
"'[21:57:48.312]',0.638,0.773,66.406"
"'[21:57:48.320]',0.575,0.769,65.625"
"'[21:57:48.328]',0.606,0.761,64.844"
"'[21:57:48.336]',0.575,0.749,64.062"
"'[21:57:48.344]',0.606,0.741,64.062"
"'[21:57:48.352]',0.567,0.729,63.281"
"'[21:57:48.360]',0.606,0.718,62.500"
"'[21:57:48.368]',0.567,0.702,61.719"
"'[21:57:48.376]',0.614,0.690,60.938"
"'[21:57:48.384]',0.559,0.675,60.938"
"'[21:57:48.392]',0.543,0.663,60.156"
"'[21:57:48.400]',0.512,0.647,59.375"
"'[21:57:48.408]',1.047,0.635,59.375"
"'[21:57:48.416]',1.504,0.624,58.594"
"'[21:57:48.424]',1.504,0.612,58.594"
"'[21:57:48.432]',1.339,0.600,57.812"
"'[21:57:48.440]',0.677,0.592,57.812"
"'[21:57:48.448]',0.480,0.584,57.812"
"'[21:57:48.456]',0.465,0.573,57.031"
"'[21:57:48.464]',0.535,0.565,57.031"
"'[21:57:48.472]',0.528,0.557,57.031"
"'[21:57:48.480]',0.606,0.549,57.031"
"'[21:57:48.488]',0.567,0.541,57.031"
"'[21:57:48.496]',0.606,0.533,56.250"
"'[21:57:48.504]',0.575,0.525,56.250"
"'[21:57:48.512]',0.606,0.518,56.250"
"'[21:57:48.520]',0.583,0.506,56.250"
"'[21:57:48.528]',0.622,0.502,55.469"
"'[21:57:48.536]',0.598,0.490,55.469"
"'[21:57:48.544]',0.654,0.482,54.688"
"'[21:57:48.552]',0.622,0.471,54.688"
"'[21:57:48.560]',0.677,0.463,53.906"
"'[21:57:48.568]',0.638,0.451,53.906"
"'[21:57:48.576]',0.693,0.443,53.125"
"'[21:57:48.584]',0.661,0.435,53.125"
"'[21:57:48.592]',0.717,0.424,52.344"
"'[21:57:48.600]',0.685,0.416,52.344"
"'[21:57:48.608]',0.732,0.408,52.344"
"'[21:57:48.616]',0.709,0.400,51.562"
"'[21:57:48.624]',0.764,0.388,51.562"
"'[21:57:48.632]',0.756,0.380,51.562"
"'[21:57:48.640]',0.795,0.373,51.562"
"'[21:57:48.648]',0.803,0.369,51.562"
"'[21:57:48.656]',0.795,0.361,52.344"
"'[21:57:48.664]',0.850,0.353,53.125"
"'[21:57:48.672]',0.819,0.349,55.469"
"'[21:57:48.680]',0.882,0.341,59.375"
"'[21:57:48.688]',0.866,0.333,64.844"
"'[21:57:48.696]',0.929,0.329,71.875"
"'[21:57:48.704]',0.890,0.325,78.906"
"'[21:57:48.712]',0.929,0.318,86.719"
"'[21:57:48.720]',0.874,0.314,93.750"
"'[21:57:48.728]',0.906,0.310,100.000"
"'[21:57:48.736]',0.835,0.302,105.469"
"'[21:57:48.744]',0.843,0.298,109.375"
"'[21:57:48.752]',0.740,0.294,111.719"
"'[21:57:48.760]',0.748,0.286,113.281"
"'[21:57:48.768]',0.646,0.282,114.062"
"'[21:57:48.776]',0.661,0.278,114.844"
"'[21:57:48.784]',0.598,0.271,114.062"
"'[21:57:48.792]',0.638,0.267,114.062"
"'[21:57:48.800]',0.583,0.263,113.281"
"'[21:57:48.808]',0.622,0.259,112.500"
"'[21:57:48.816]',0.591,0.255,110.938"
"'[21:57:48.824]',0.606,0.251,110.156"
"'[21:57:48.832]',0.614,0.251,109.375"
"'[21:57:48.840]',0.583,0.251,108.594"
"'[21:57:48.848]',0.622,0.251,107.031"
"'[21:57:48.856]',0.583,0.259,106.250"
"'[21:57:48.864]',0.622,0.267,104.688"
"'[21:57:48.872]',0.575,0.278,103.906"
"'[21:57:48.880]',0.622,0.290,102.344"
"'[21:57:48.888]',0.583,0.314,100.000"
"'[21:57:48.896]',0.622,0.337,98.438"
"'[21:57:48.904]',0.583,0.365,95.312"
"'[21:57:48.912]',0.622,0.392,92.969"
"'[21:57:48.920]',0.598,0.427,89.844"
"'[21:57:48.928]',0.622,0.463,86.719"
"'[21:57:48.936]',0.583,0.498,82.812"
"'[21:57:48.944]',0.614,0.529,80.469"
"'[21:57:48.952]',0.575,0.565,78.125"
"'[21:57:48.960]',0.614,0.596,75.781"
"'[21:57:48.968]',0.567,0.627,74.219"
"'[21:57:48.976]',0.606,0.655,72.656"
"'[21:57:48.984]',0.575,0.678,71.875"
"'[21:57:48.992]',0.630,0.698,71.094"
"'[21:57:49.000]',0.614,0.714,70.312"
"'[21:57:49.008]',0.669,0.729,70.312"
"'[21:57:49.016]',0.654,0.741,70.312"
"'[21:57:49.024]',0.709,0.753,69.531"
"'[21:57:49.032]',0.685,0.761,69.531"
"'[21:57:49.040]',0.717,0.765,69.531"
"'[21:57:49.048]',0.654,0.769,68.750"
"'[21:57:49.056]',0.622,0.773,68.750"
"'[21:57:49.064]',0.638,0.776,67.969"
"'[21:57:49.072]',0.583,0.776,67.969"
"'[21:57:49.080]',0.622,0.773,67.188"
"'[21:57:49.088]',0.559,0.769,66.406"
"'[21:57:49.096]',0.598,0.765,65.625"
"'[21:57:49.104]',0.535,0.761,65.625"
"'[21:57:49.112]',0.559,0.749,64.844"
"'[21:57:49.120]',0.512,0.741,64.062"
"'[21:57:49.128]',0.551,0.729,63.281"
"'[21:57:49.136]',0.520,0.718,62.500"
"'[21:57:49.144]',0.559,0.706,61.719"
"'[21:57:49.152]',0.528,0.690,61.719"
"'[21:57:49.160]',0.567,0.671,60.938"
"'[21:57:49.168]',0.520,0.655,60.156"
"'[21:57:49.176]',0.528,0.643,59.375"
"'[21:57:49.184]',0.472,0.624,58.594"
"'[21:57:49.192]',0.890,0.608,57.812"
"'[21:57:49.200]',1.504,0.600,57.812"
"'[21:57:49.208]',1.504,0.588,57.031"
"'[21:57:49.216]',1.480,0.576,56.250"
"'[21:57:49.224]',0.701,0.569,56.250"
"'[21:57:49.232]',0.433,0.561,55.469"
"'[21:57:49.240]',0.409,0.549,55.469"
"'[21:57:49.248]',0.480,0.541,54.688"
"'[21:57:49.256]',0.543,0.533,54.688"
"'[21:57:49.264]',0.559,0.525,54.688"
"'[21:57:49.272]',0.512,0.518,53.906"
"'[21:57:49.280]',0.559,0.510,53.906"
"'[21:57:49.288]',0.528,0.502,53.906"
"'[21:57:49.296]',0.575,0.490,53.125"
"'[21:57:49.304]',0.543,0.482,53.125"
"'[21:57:49.312]',0.583,0.475,53.125"
"'[21:57:49.320]',0.559,0.463,52.344"
"'[21:57:49.328]',0.598,0.455,52.344"
"'[21:57:49.336]',0.583,0.443,51.562"
"'[21:57:49.344]',0.614,0.435,51.562"
"'[21:57:49.352]',0.598,0.424,50.781"
"'[21:57:49.360]',0.646,0.416,50.781"
"'[21:57:49.368]',0.622,0.404,50.000"
"'[21:57:49.376]',0.669,0.392,50.000"
"'[21:57:49.384]',0.630,0.384,49.219"
"'[21:57:49.392]',0.693,0.376,49.219"
"'[21:57:49.400]',0.669,0.365,48.438"
"'[21:57:49.408]',0.717,0.357,48.438"
"'[21:57:49.416]',0.701,0.349,48.438"
"'[21:57:49.424]',0.756,0.337,48.438"
"'[21:57:49.432]',0.740,0.329,48.438"
"'[21:57:49.440]',0.780,0.322,48.438"
"'[21:57:49.448]',0.795,0.314,49.219"
"'[21:57:49.456]',0.795,0.306,50.781"
"'[21:57:49.464]',0.843,0.298,53.125"
"'[21:57:49.472]',0.819,0.290,57.031"
"'[21:57:49.480]',0.882,0.282,62.500"
"'[21:57:49.488]',0.850,0.275,68.750"
"'[21:57:49.496]',0.898,0.267,76.562"
"'[21:57:49.504]',0.850,0.263,83.594"
"'[21:57:49.512]',0.882,0.255,90.625"
"'[21:57:49.520]',0.819,0.247,96.094"
"'[21:57:49.528]',0.827,0.239,101.562"
"'[21:57:49.536]',0.724,0.235,105.469"
"'[21:57:49.544]',0.740,0.227,107.812"
"'[21:57:49.552]',0.646,0.224,109.375"
"'[21:57:49.560]',0.654,0.216,110.156"
"'[21:57:49.568]',0.583,0.208,110.156"
"'[21:57:49.576]',0.606,0.204,109.375"
"'[21:57:49.584]',0.559,0.196,109.375"
"'[21:57:49.592]',0.598,0.192,108.594"
"'[21:57:49.600]',0.559,0.188,107.812"
"'[21:57:49.608]',0.598,0.184,106.250"
"'[21:57:49.616]',0.559,0.184,105.469"
"'[21:57:49.624]',0.598,0.184,104.688"
"'[21:57:49.632]',0.567,0.188,103.125"
"'[21:57:49.640]',0.614,0.200,102.344"
"'[21:57:49.648]',0.583,0.212,101.562"
"'[21:57:49.656]',0.614,0.231,100.000"
"'[21:57:49.664]',0.583,0.251,98.438"
"'[21:57:49.672]',0.583,0.278,96.875"
"'[21:57:49.680]',0.614,0.310,94.531"
"'[21:57:49.688]',0.591,0.341,92.188"
"'[21:57:49.696]',0.622,0.380,89.062"
"'[21:57:49.704]',0.591,0.416,85.938"
"'[21:57:49.712]',0.622,0.455,82.812"
"'[21:57:49.720]',0.591,0.494,79.688"
"'[21:57:49.728]',0.622,0.529,77.344"
"'[21:57:49.736]',0.598,0.565,74.219"
"'[21:57:49.744]',0.622,0.600,71.875"
"'[21:57:49.752]',0.583,0.627,70.312"
"'[21:57:49.760]',0.622,0.651,68.750"
"'[21:57:49.768]',0.591,0.675,67.969"
"'[21:57:49.776]',0.622,0.694,67.188"
"'[21:57:49.784]',0.598,0.710,67.188"
"'[21:57:49.792]',0.661,0.722,66.406"
"'[21:57:49.800]',0.638,0.733,66.406"
"'[21:57:49.808]',0.709,0.741,66.406"
"'[21:57:49.816]',0.685,0.749,66.406"
"'[21:57:49.824]',0.724,0.753,65.625"
"'[21:57:49.832]',0.693,0.757,65.625"
"'[21:57:49.840]',0.701,0.757,64.844"
"'[21:57:49.848]',0.638,0.757,64.844"
"'[21:57:49.856]',0.646,0.757,64.062"
"'[21:57:49.864]',0.614,0.753,64.062"
"'[21:57:49.872]',0.622,0.749,63.281"
"'[21:57:49.880]',0.583,0.741,62.500"
"'[21:57:49.888]',0.598,0.733,61.719"
"'[21:57:49.896]',0.567,0.725,61.719"
"'[21:57:49.904]',0.551,0.714,60.938"
"'[21:57:49.912]',0.598,0.702,60.156"
"'[21:57:49.920]',0.559,0.678,59.375"
"'[21:57:49.928]',0.591,0.667,59.375"
"'[21:57:49.936]',0.559,0.651,58.594"
"'[21:57:49.944]',0.583,0.631,57.812"
"'[21:57:49.952]',0.551,0.620,57.812"
"'[21:57:49.960]',0.583,0.608,57.031"
"'[21:57:49.968]',0.496,0.596,56.250"
"'[21:57:49.976]',0.535,0.584,55.469"
"'[21:57:49.984]',0.984,0.576,55.469"
"'[21:57:49.992]',1.504,0.565,54.688"
"'[21:57:50.000]',1.504,0.557,54.688"
"'[21:57:50.008]',1.457,0.549,53.906"
"'[21:57:50.016]',0.685,0.541,53.906"
"'[21:57:50.024]',0.488,0.533,53.906"
"'[21:57:50.032]',0.441,0.529,53.125"
"'[21:57:50.040]',0.528,0.522,53.125"
"'[21:57:50.048]',0.543,0.514,53.125"
"'[21:57:50.056]',0.583,0.506,53.125"
"'[21:57:50.064]',0.583,0.502,53.125"
"'[21:57:50.072]',0.559,0.502,52.344"
"'[21:57:50.080]',0.591,0.494,52.344"
"'[21:57:50.088]',0.559,0.486,52.344"
"'[21:57:50.096]',0.606,0.478,52.344"
"'[21:57:50.104]',0.567,0.471,51.562"
"'[21:57:50.112]',0.614,0.463,51.562"
"'[21:57:50.120]',0.583,0.451,51.562"
"'[21:57:50.128]',0.630,0.443,50.781"
"'[21:57:50.136]',0.598,0.435,50.781"
"'[21:57:50.144]',0.654,0.424,50.781"
"'[21:57:50.152]',0.622,0.416,50.000"
"'[21:57:50.160]',0.669,0.408,50.000"
"'[21:57:50.168]',0.646,0.400,49.219"
"'[21:57:50.176]',0.693,0.392,49.219"
"'[21:57:50.184]',0.669,0.384,49.219"
"'[21:57:50.192]',0.724,0.373,48.438"
"'[21:57:50.200]',0.693,0.365,48.438"
"'[21:57:50.208]',0.756,0.361,48.438"
"'[21:57:50.216]',0.740,0.353,47.656"
"'[21:57:50.224]',0.795,0.345,47.656"
"'[21:57:50.232]',0.780,0.337,48.438"
"'[21:57:50.240]',0.835,0.333,48.438"
"'[21:57:50.248]',0.819,0.325,50.000"
"'[21:57:50.256]',0.866,0.322,52.344"
"'[21:57:50.264]',0.858,0.318,57.031"
"'[21:57:50.272]',0.890,0.310,62.500"
"'[21:57:50.280]',0.906,0.306,68.750"
"'[21:57:50.288]',0.866,0.302,75.781"
"'[21:57:50.296]',0.898,0.298,82.812"
"'[21:57:50.304]',0.850,0.294,89.844"
"'[21:57:50.312]',0.866,0.286,96.094"
"'[21:57:50.320]',0.795,0.282,101.562"
"'[21:57:50.328]',0.748,0.278,104.688"
"'[21:57:50.336]',0.685,0.275,107.031"
"'[21:57:50.344]',0.693,0.271,108.594"
"'[21:57:50.352]',0.614,0.267,109.375"
"'[21:57:50.360]',0.622,0.259,109.375"
"'[21:57:50.368]',0.567,0.255,109.375"
"'[21:57:50.376]',0.591,0.251,108.594"
"'[21:57:50.384]',0.559,0.247,107.812"
"'[21:57:50.392]',0.598,0.243,107.031"
"'[21:57:50.400]',0.559,0.243,106.250"
"'[21:57:50.408]',0.598,0.243,104.688"
"'[21:57:50.416]',0.559,0.243,103.906"
"'[21:57:50.424]',0.598,0.247,103.125"
"'[21:57:50.432]',0.559,0.255,101.562"
"'[21:57:50.440]',0.583,0.267,100.000"
"'[21:57:50.448]',0.559,0.282,99.219"
"'[21:57:50.456]',0.591,0.302,97.656"
"'[21:57:50.464]',0.567,0.325,96.094"
"'[21:57:50.472]',0.559,0.357,93.750"
"'[21:57:50.480]',0.591,0.388,91.406"
"'[21:57:50.488]',0.559,0.424,89.062"
"'[21:57:50.496]',0.591,0.459,85.938"
"'[21:57:50.504]',0.559,0.498,82.812"
"'[21:57:50.512]',0.583,0.533,79.688"
"'[21:57:50.520]',0.551,0.569,76.562"
"'[21:57:50.528]',0.583,0.604,74.219"
"'[21:57:50.536]',0.551,0.635,71.875"
"'[21:57:50.544]',0.575,0.663,70.312"
"'[21:57:50.552]',0.543,0.690,68.750"
"'[21:57:50.560]',0.583,0.710,67.969"
"'[21:57:50.568]',0.559,0.729,67.188"
"'[21:57:50.576]',0.614,0.745,67.188"
"'[21:57:50.584]',0.606,0.757,66.406"
"'[21:57:50.592]',0.669,0.769,66.406"
"'[21:57:50.600]',0.654,0.776,66.406"
"'[21:57:50.608]',0.693,0.784,65.625"
"'[21:57:50.616]',0.654,0.788,65.625"
"'[21:57:50.624]',0.654,0.792,65.625"
"'[21:57:50.632]',0.598,0.792,64.844"
"'[21:57:50.640]',0.622,0.792,64.844"
"'[21:57:50.648]',0.591,0.792,64.062"
"'[21:57:50.656]',0.598,0.788,64.062"
"'[21:57:50.664]',0.567,0.784,63.281"
"'[21:57:50.672]',0.575,0.776,62.500"
"'[21:57:50.680]',0.543,0.769,62.500"
"'[21:57:50.688]',0.535,0.761,61.719"
"'[21:57:50.696]',0.575,0.749,60.938"
"'[21:57:50.704]',0.535,0.737,60.156"
"'[21:57:50.712]',0.575,0.725,59.375"
"'[21:57:50.720]',0.543,0.714,59.375"
"'[21:57:50.728]',0.583,0.698,58.594"
"'[21:57:50.736]',0.551,0.686,57.812"
"'[21:57:50.744]',0.575,0.675,57.812"
"'[21:57:50.752]',0.457,0.659,57.031"
"'[21:57:50.760]',0.567,0.647,56.250"
"'[21:57:50.768]',1.165,0.635,56.250"
"'[21:57:50.776]',1.504,0.627,55.469"
"'[21:57:50.784]',1.504,0.616,55.469"
"'[21:57:50.792]',1.252,0.608,55.469"
"'[21:57:50.800]',0.598,0.600,54.688"
"'[21:57:50.808]',0.457,0.592,54.688"
"'[21:57:50.816]',0.433,0.584,54.688"
"'[21:57:50.824]',0.535,0.576,54.688"
"'[21:57:50.832]',0.543,0.569,54.688"
"'[21:57:50.840]',0.583,0.561,54.688"
"'[21:57:50.848]',0.543,0.557,54.688"
"'[21:57:50.856]',0.575,0.549,54.688"
"'[21:57:50.864]',0.559,0.537,54.688"
"'[21:57:50.872]',0.591,0.529,53.906"
"'[21:57:50.880]',0.598,0.522,53.906"
"'[21:57:50.888]',0.567,0.514,53.906"
"'[21:57:50.896]',0.614,0.506,53.906"
"'[21:57:50.904]',0.583,0.498,53.125"
"'[21:57:50.912]',0.622,0.486,53.125"
"'[21:57:50.920]',0.598,0.478,53.125"
"'[21:57:50.928]',0.638,0.471,52.344"
"'[21:57:50.936]',0.622,0.459,52.344"
"'[21:57:50.944]',0.669,0.451,52.344"
"'[21:57:50.952]',0.638,0.443,51.562"
"'[21:57:50.960]',0.685,0.435,51.562"
"'[21:57:50.968]',0.669,0.427,51.562"
"'[21:57:50.976]',0.717,0.420,50.781"
"'[21:57:50.984]',0.693,0.412,50.781"
"'[21:57:50.992]',0.748,0.404,50.781"
"'[21:57:51.000]',0.732,0.400,50.781"
"'[21:57:51.008]',0.795,0.392,50.781"
"'[21:57:51.016]',0.772,0.388,51.562"
"'[21:57:51.024]',0.827,0.380,52.344"
"'[21:57:51.032]',0.811,0.376,54.688"
"'[21:57:51.040]',0.866,0.373,58.594"
"'[21:57:51.048]',0.843,0.369,64.062"
"'[21:57:51.056]',0.890,0.365,70.312"
"'[21:57:51.064]',0.858,0.361,77.344"
"'[21:57:51.072]',0.890,0.357,84.375"
"'[21:57:51.080]',0.850,0.353,91.406"
"'[21:57:51.088]',0.835,0.349,97.656"
"'[21:57:51.096]',0.843,0.345,103.125"
"'[21:57:51.104]',0.772,0.341,107.031"
"'[21:57:51.112]',0.717,0.333,110.156"
"'[21:57:51.120]',0.669,0.333,111.719"
"'[21:57:51.128]',0.630,0.329,113.281"
"'[21:57:51.136]',0.598,0.322,113.281"
"'[21:57:51.144]',0.614,0.318,113.281"
"'[21:57:51.152]',0.559,0.314,113.281"
"'[21:57:51.160]',0.583,0.310,112.500"
"'[21:57:51.168]',0.551,0.310,111.719"
"'[21:57:51.176]',0.583,0.306,110.938"
"'[21:57:51.184]',0.551,0.306,110.156"
"'[21:57:51.192]',0.583,0.310,108.594"
"'[21:57:51.200]',0.551,0.314,107.812"
"'[21:57:51.208]',0.598,0.322,106.250"
"'[21:57:51.216]',0.559,0.333,105.469"
"'[21:57:51.224]',0.598,0.349,103.906"
"'[21:57:51.232]',0.559,0.369,103.125"
"'[21:57:51.240]',0.598,0.392,101.562"
"'[21:57:51.248]',0.559,0.420,99.219"
"'[21:57:51.256]',0.598,0.447,97.656"
"'[21:57:51.264]',0.575,0.478,95.312"
"'[21:57:51.272]',0.598,0.510,92.969"
"'[21:57:51.280]',0.567,0.545,89.844"
"'[21:57:51.288]',0.598,0.580,86.719"
"'[21:57:51.296]',0.559,0.612,83.594"
"'[21:57:51.304]',0.551,0.639,80.469"
"'[21:57:51.312]',0.583,0.667,78.125"
"'[21:57:51.320]',0.551,0.694,75.781"
"'[21:57:51.328]',0.583,0.718,74.219"
"'[21:57:51.336]',0.551,0.733,72.656"
"'[21:57:51.344]',0.591,0.749,71.875"
"'[21:57:51.352]',0.567,0.765,71.094"
"'[21:57:51.360]',0.630,0.776,70.312"
"'[21:57:51.368]',0.614,0.784,70.312"
"'[21:57:51.376]',0.669,0.792,69.531"
"'[21:57:51.384]',0.654,0.796,69.531"
"'[21:57:51.392]',0.693,0.800,69.531"
"'[21:57:51.400]',0.638,0.804,68.750"
"'[21:57:51.408]',0.638,0.804,68.750"
"'[21:57:51.416]',0.583,0.804,68.750"
"'[21:57:51.424]',0.614,0.804,67.969"
"'[21:57:51.432]',0.559,0.800,67.188"
"'[21:57:51.440]',0.583,0.796,67.188"
"'[21:57:51.448]',0.543,0.788,66.406"
"'[21:57:51.456]',0.559,0.780,65.625"
"'[21:57:51.464]',0.504,0.773,65.625"
"'[21:57:51.472]',0.535,0.761,64.844"
"'[21:57:51.480]',0.543,0.749,64.062"
"'[21:57:51.488]',0.496,0.737,63.281"
"'[21:57:51.496]',0.535,0.722,62.500"
"'[21:57:51.504]',0.496,0.710,62.500"
"'[21:57:51.512]',0.543,0.710,61.719"
"'[21:57:51.520]',0.512,0.702,60.938"
"'[21:57:51.528]',0.528,0.686,60.156"
"'[21:57:51.536]',0.433,0.675,60.156"
"'[21:57:51.544]',0.701,0.659,59.375"
"'[21:57:51.552]',1.370,0.647,58.594"
"'[21:57:51.560]',1.504,0.635,58.594"
"'[21:57:51.568]',1.504,0.624,57.812"
"'[21:57:51.576]',0.866,0.612,57.812"
"'[21:57:51.584]',0.457,0.604,57.031"
"'[21:57:51.592]',0.433,0.596,57.031"
"'[21:57:51.600]',0.417,0.584,57.031"
"'[21:57:51.608]',0.512,0.580,57.031"
"'[21:57:51.616]',0.504,0.569,56.250"
"'[21:57:51.624]',0.543,0.561,56.250"
"'[21:57:51.632]',0.512,0.553,56.250"
"'[21:57:51.640]',0.559,0.545,56.250"
"'[21:57:51.648]',0.528,0.537,56.250"
"'[21:57:51.656]',0.567,0.529,55.469"
"'[21:57:51.664]',0.528,0.522,55.469"
"'[21:57:51.672]',0.583,0.514,54.688"
"'[21:57:51.680]',0.559,0.502,54.688"
"'[21:57:51.688]',0.598,0.494,54.688"
"'[21:57:51.696]',0.606,0.486,53.906"
"'[21:57:51.704]',0.575,0.475,53.906"
"'[21:57:51.712]',0.614,0.467,53.125"
"'[21:57:51.720]',0.598,0.455,53.125"
"'[21:57:51.728]',0.654,0.447,52.344"
"'[21:57:51.736]',0.614,0.439,52.344"
"'[21:57:51.744]',0.661,0.427,52.344"
"'[21:57:51.752]',0.638,0.420,51.562"
"'[21:57:51.760]',0.693,0.412,51.562"
"'[21:57:51.768]',0.669,0.404,51.562"
"'[21:57:51.776]',0.740,0.396,50.781"
"'[21:57:51.784]',0.724,0.388,51.562"
"'[21:57:51.792]',0.780,0.380,51.562"
"'[21:57:51.800]',0.764,0.376,52.344"
"'[21:57:51.808]',0.835,0.369,54.688"
"'[21:57:51.816]',0.811,0.361,57.812"
"'[21:57:51.824]',0.874,0.357,63.281"
"'[21:57:51.832]',0.850,0.349,69.531"
"'[21:57:51.840]',0.906,0.345,76.562"
"'[21:57:51.848]',0.866,0.337,84.375"
"'[21:57:51.856]',0.898,0.333,91.406"
"'[21:57:51.864]',0.835,0.325,97.656"
"'[21:57:51.872]',0.850,0.318,103.125"
"'[21:57:51.880]',0.764,0.314,107.812"
"'[21:57:51.888]',0.748,0.306,110.938"
"'[21:57:51.896]',0.677,0.302,113.281"
"'[21:57:51.904]',0.654,0.294,114.062"
"'[21:57:51.912]',0.598,0.290,114.844"
"'[21:57:51.920]',0.583,0.286,114.844"
"'[21:57:51.928]',0.598,0.278,114.844"
"'[21:57:51.936]',0.543,0.275,114.062"
"'[21:57:51.944]',0.583,0.271,114.062"
"'[21:57:51.952]',0.543,0.267,113.281"
"'[21:57:51.960]',0.583,0.267,112.500"
"'[21:57:51.968]',0.535,0.263,110.938"
"'[21:57:51.976]',0.575,0.267,110.156"
"'[21:57:51.984]',0.551,0.271,109.375"
"'[21:57:51.992]',0.591,0.275,107.812"
"'[21:57:52.000]',0.567,0.286,107.031"
"'[21:57:52.008]',0.598,0.302,105.469"
"'[21:57:52.016]',0.559,0.318,104.688"
"'[21:57:52.024]',0.598,0.341,103.125"
"'[21:57:52.032]',0.559,0.369,101.562"
"'[21:57:52.040]',0.598,0.400,99.219"
"'[21:57:52.048]',0.567,0.431,96.875"
"'[21:57:52.056]',0.614,0.467,93.750"
"'[21:57:52.064]',0.567,0.502,91.406"
"'[21:57:52.072]',0.606,0.533,87.500"
"'[21:57:52.080]',0.567,0.569,84.375"
"'[21:57:52.088]',0.591,0.600,81.250"
"'[21:57:52.096]',0.567,0.631,78.906"
"'[21:57:52.104]',0.598,0.659,76.562"
"'[21:57:52.112]',0.598,0.682,75.000"
"'[21:57:52.120]',0.567,0.706,73.438"
"'[21:57:52.128]',0.606,0.725,72.656"
"'[21:57:52.136]',0.575,0.741,71.875"
"'[21:57:52.144]',0.654,0.753,71.094"
"'[21:57:52.152]',0.622,0.765,70.312"
"'[21:57:52.160]',0.693,0.773,70.312"
"'[21:57:52.168]',0.661,0.780,70.312"
"'[21:57:52.176]',0.701,0.788,70.312"
"'[21:57:52.184]',0.638,0.792,69.531"
"'[21:57:52.192]',0.654,0.796,69.531"
"'[21:57:52.200]',0.591,0.796,68.750"
"'[21:57:52.208]',0.614,0.796,68.750"
"'[21:57:52.216]',0.567,0.796,67.969"
"'[21:57:52.224]',0.583,0.792,67.188"
"'[21:57:52.232]',0.535,0.788,67.188"
"'[21:57:52.240]',0.559,0.780,66.406"
"'[21:57:52.248]',0.512,0.773,65.625"
"'[21:57:52.256]',0.551,0.765,64.844"
"'[21:57:52.264]',0.512,0.753,64.844"
"'[21:57:52.272]',0.551,0.741,64.062"
"'[21:57:52.280]',0.512,0.729,63.281"
"'[21:57:52.288]',0.559,0.714,62.500"
"'[21:57:52.296]',0.528,0.698,61.719"
"'[21:57:52.304]',0.543,0.686,61.719"
"'[21:57:52.312]',0.472,0.671,60.938"
"'[21:57:52.320]',0.441,0.659,60.156"
"'[21:57:52.328]',0.937,0.643,60.156"
"'[21:57:52.336]',1.504,0.631,59.375"
"'[21:57:52.344]',1.504,0.620,59.375"
"'[21:57:52.352]',1.394,0.612,58.594"
"'[21:57:52.360]',0.646,0.600,58.594"
"'[21:57:52.368]',0.433,0.592,57.812"
"'[21:57:52.376]',0.457,0.584,57.812"
"'[21:57:52.384]',0.449,0.573,57.812"
"'[21:57:52.392]',0.543,0.565,57.812"
"'[21:57:52.400]',0.528,0.557,57.031"
"'[21:57:52.408]',0.559,0.549,57.031"
"'[21:57:52.416]',0.535,0.541,57.031"
"'[21:57:52.424]',0.575,0.533,57.031"
"'[21:57:52.432]',0.543,0.525,56.250"
"'[21:57:52.440]',0.591,0.518,56.250"
"'[21:57:52.448]',0.559,0.506,56.250"
"'[21:57:52.456]',0.598,0.502,55.469"
"'[21:57:52.464]',0.567,0.490,55.469"
"'[21:57:52.472]',0.622,0.482,54.688"
"'[21:57:52.480]',0.598,0.471,54.688"
"'[21:57:52.488]',0.646,0.463,53.906"
"'[21:57:52.496]',0.614,0.455,53.906"
"'[21:57:52.504]',0.661,0.443,53.125"
"'[21:57:52.512]',0.638,0.435,53.125"
"'[21:57:52.520]',0.685,0.424,52.344"
"'[21:57:52.528]',0.677,0.416,52.344"
"'[21:57:52.536]',0.709,0.408,52.344"
"'[21:57:52.544]',0.724,0.400,51.562"
"'[21:57:52.552]',0.701,0.392,51.562"
"'[21:57:52.560]',0.764,0.384,51.562"
"'[21:57:52.568]',0.748,0.380,51.562"
"'[21:57:52.576]',0.803,0.373,52.344"
"'[21:57:52.584]',0.780,0.365,53.125"
"'[21:57:52.592]',0.850,0.357,55.469"
"'[21:57:52.600]',0.827,0.353,59.375"
"'[21:57:52.608]',0.882,0.345,64.844"
"'[21:57:52.616]',0.866,0.341,71.094"
"'[21:57:52.624]',0.913,0.333,78.906"
"'[21:57:52.632]',0.882,0.329,85.938"
"'[21:57:52.640]',0.906,0.325,92.969"
"'[21:57:52.648]',0.850,0.318,100.000"
"'[21:57:52.656]',0.858,0.314,104.688"
"'[21:57:52.664]',0.772,0.306,108.594"
"'[21:57:52.672]',0.764,0.302,111.719"
"'[21:57:52.680]',0.677,0.294,113.281"
"'[21:57:52.688]',0.661,0.290,114.062"
"'[21:57:52.696]',0.614,0.286,114.844"
"'[21:57:52.704]',0.622,0.278,114.844"
"'[21:57:52.712]',0.575,0.275,114.062"
"'[21:57:52.720]',0.598,0.271,113.281"
"'[21:57:52.728]',0.606,0.267,112.500"
"'[21:57:52.736]',0.559,0.267,111.719"
"'[21:57:52.744]',0.606,0.267,110.938"
"'[21:57:52.752]',0.559,0.267,110.156"
"'[21:57:52.760]',0.606,0.271,109.375"
"'[21:57:52.768]',0.559,0.275,107.812"
"'[21:57:52.776]',0.614,0.286,107.031"
"'[21:57:52.784]',0.575,0.302,105.469"
"'[21:57:52.792]',0.614,0.318,104.688"
"'[21:57:52.800]',0.575,0.341,103.125"
"'[21:57:52.808]',0.614,0.365,100.781"
"'[21:57:52.816]',0.583,0.388,99.219"
"'[21:57:52.824]',0.622,0.392,96.875"
"'[21:57:52.832]',0.583,0.408,94.531"
"'[21:57:52.840]',0.622,0.439,91.406"
"'[21:57:52.848]',0.583,0.475,88.281"
"'[21:57:52.856]',0.614,0.510,85.156"
"'[21:57:52.864]',0.583,0.545,82.031"
"'[21:57:52.872]',0.606,0.576,78.906"
"'[21:57:52.880]',0.567,0.608,76.562"
"'[21:57:52.888]',0.614,0.639,75.000"
"'[21:57:52.896]',0.598,0.667,73.438"
"'[21:57:52.904]',0.654,0.690,72.656"
"'[21:57:52.912]',0.630,0.710,71.875"
"'[21:57:52.920]',0.693,0.729,71.094"
"'[21:57:52.928]',0.685,0.745,70.312"
"'[21:57:52.936]',0.717,0.757,70.312"
"'[21:57:52.944]',0.724,0.769,70.312"
"'[21:57:52.952]',0.669,0.776,70.312"
"'[21:57:52.960]',0.622,0.780,69.531"
"'[21:57:52.968]',0.598,0.788,69.531"
"'[21:57:52.976]',0.638,0.788,68.750"
"'[21:57:52.984]',0.583,0.792,68.750"
"'[21:57:52.992]',0.598,0.792,67.969"
"'[21:57:53.000]',0.559,0.792,67.969"
"'[21:57:53.008]',0.567,0.788,67.188"
"'[21:57:53.016]',0.512,0.784,66.406"
"'[21:57:53.024]',0.551,0.780,65.625"
"'[21:57:53.032]',0.528,0.773,65.625"
"'[21:57:53.040]',0.567,0.761,64.844"
"'[21:57:53.048]',0.528,0.753,64.062"
"'[21:57:53.056]',0.567,0.741,63.281"
"'[21:57:53.064]',0.535,0.725,62.500"
"'[21:57:53.072]',0.559,0.714,62.500"
"'[21:57:53.080]',0.472,0.698,61.719"
"'[21:57:53.088]',0.472,0.686,60.938"
"'[21:57:53.096]',0.921,0.671,60.938"
"'[21:57:53.104]',1.504,0.659,60.156"
"'[21:57:53.112]',1.504,0.643,59.375"
"'[21:57:53.120]',1.425,0.631,59.375"
"'[21:57:53.128]',0.654,0.620,58.594"
"'[21:57:53.136]',0.465,0.608,58.594"
"'[21:57:53.144]',0.457,0.600,58.594"
"'[21:57:53.152]',0.504,0.588,57.812"
"'[21:57:53.160]',0.543,0.580,57.812"
"'[21:57:53.168]',0.535,0.573,57.812"
"'[21:57:53.176]',0.575,0.565,57.812"
"'[21:57:53.184]',0.535,0.557,57.812"
"'[21:57:53.192]',0.583,0.549,57.031"
"'[21:57:53.200]',0.551,0.541,57.031"
"'[21:57:53.208]',0.591,0.533,57.031"
"'[21:57:53.216]',0.575,0.525,56.250"
"'[21:57:53.224]',0.606,0.518,56.250"
"'[21:57:53.232]',0.583,0.506,55.469"
"'[21:57:53.240]',0.630,0.498,55.469"
"'[21:57:53.248]',0.614,0.490,54.688"
"'[21:57:53.256]',0.654,0.478,54.688"
"'[21:57:53.264]',0.622,0.471,53.906"
"'[21:57:53.272]',0.685,0.463,53.906"
"'[21:57:53.280]',0.654,0.451,53.125"
"'[21:57:53.288]',0.701,0.443,53.125"
"'[21:57:53.296]',0.677,0.435,52.344"
"'[21:57:53.304]',0.732,0.424,52.344"
"'[21:57:53.312]',0.709,0.416,52.344"
"'[21:57:53.320]',0.756,0.408,52.344"
"'[21:57:53.328]',0.748,0.400,52.344"
"'[21:57:53.336]',0.803,0.392,52.344"
"'[21:57:53.344]',0.787,0.384,52.344"
"'[21:57:53.352]',0.827,0.376,53.906"
"'[21:57:53.360]',0.850,0.369,55.469"
"'[21:57:53.368]',0.835,0.365,59.375"
"'[21:57:53.376]',0.890,0.357,64.062"
"'[21:57:53.384]',0.874,0.353,70.312"
"'[21:57:53.392]',0.921,0.345,77.344"
"'[21:57:53.400]',0.890,0.341,84.375"
"'[21:57:53.408]',0.921,0.333,91.406"
"'[21:57:53.416]',0.866,0.329,97.656"
"'[21:57:53.424]',0.874,0.322,103.125"
"'[21:57:53.432]',0.787,0.318,107.812"
"'[21:57:53.440]',0.756,0.314,110.156"
"'[21:57:53.448]',0.677,0.306,112.500"
"'[21:57:53.456]',0.685,0.302,113.281"
"'[21:57:53.464]',0.614,0.294,113.281"
"'[21:57:53.472]',0.638,0.290,113.281"
"'[21:57:53.480]',0.583,0.282,113.281"
"'[21:57:53.488]',0.614,0.278,112.500"
"'[21:57:53.496]',0.583,0.275,110.938"
"'[21:57:53.504]',0.622,0.271,110.156"
"'[21:57:53.512]',0.567,0.267,109.375"
"'[21:57:53.520]',0.614,0.267,108.594"
"'[21:57:53.528]',0.583,0.267,107.031"
"'[21:57:53.536]',0.614,0.267,106.250"
"'[21:57:53.544]',0.622,0.275,105.469"
"'[21:57:53.552]',0.583,0.282,103.906"
"'[21:57:53.560]',0.630,0.298,103.125"
"'[21:57:53.568]',0.598,0.314,101.562"
"'[21:57:53.576]',0.622,0.333,99.219"
"'[21:57:53.584]',0.591,0.361,97.656"
"'[21:57:53.592]',0.622,0.388,95.312"
"'[21:57:53.600]',0.598,0.420,92.188"
"'[21:57:53.608]',0.630,0.455,89.062"
"'[21:57:53.616]',0.598,0.486,85.938"
"'[21:57:53.624]',0.630,0.522,82.812"
"'[21:57:53.632]',0.591,0.553,80.469"
"'[21:57:53.640]',0.622,0.588,77.344"
"'[21:57:53.648]',0.591,0.616,75.781"
"'[21:57:53.656]',0.622,0.647,73.438"
"'[21:57:53.664]',0.583,0.671,72.656"
"'[21:57:53.672]',0.646,0.690,71.875"
"'[21:57:53.680]',0.630,0.710,71.094"
"'[21:57:53.688]',0.693,0.725,70.312"
"'[21:57:53.696]',0.677,0.741,70.312"
"'[21:57:53.704]',0.724,0.749,69.531"
"'[21:57:53.712]',0.701,0.757,69.531"
"'[21:57:53.720]',0.724,0.765,69.531"
"'[21:57:53.728]',0.654,0.769,69.531"
"'[21:57:53.736]',0.638,0.773,68.750"
"'[21:57:53.744]',0.646,0.776,68.750"
"'[21:57:53.752]',0.614,0.776,67.969"
"'[21:57:53.760]',0.638,0.776,67.969"
"'[21:57:53.768]',0.583,0.773,67.188"
"'[21:57:53.776]',0.614,0.769,66.406"
"'[21:57:53.784]',0.551,0.765,66.406"
"'[21:57:53.792]',0.583,0.757,65.625"
"'[21:57:53.800]',0.551,0.749,64.844"
"'[21:57:53.808]',0.575,0.737,64.062"
"'[21:57:53.816]',0.551,0.725,64.062"
"'[21:57:53.824]',0.583,0.714,63.281"
"'[21:57:53.832]',0.559,0.698,62.500"
"'[21:57:53.840]',0.598,0.686,61.719"
"'[21:57:53.848]',0.535,0.671,60.938"
"'[21:57:53.856]',0.512,0.659,60.938"
"'[21:57:53.864]',0.583,0.643,60.156"
"'[21:57:53.872]',1.142,0.631,59.375"
"'[21:57:53.880]',1.504,0.620,59.375"
"'[21:57:53.888]',1.504,0.608,58.594"
"'[21:57:53.896]',1.157,0.596,58.594"
"'[21:57:53.904]',0.622,0.588,57.812"
"'[21:57:53.912]',0.457,0.576,57.812"
"'[21:57:53.920]',0.520,0.569,57.812"
"'[21:57:53.928]',0.535,0.561,57.031"
"'[21:57:53.936]',0.583,0.553,57.031"
"'[21:57:53.944]',0.591,0.545,57.031"
"'[21:57:53.952]',0.551,0.537,57.031"
"'[21:57:53.960]',0.598,0.529,57.031"
"'[21:57:53.968]',0.567,0.522,56.250"
"'[21:57:53.976]',0.614,0.514,56.250"
"'[21:57:53.984]',0.591,0.506,56.250"
"'[21:57:53.992]',0.622,0.498,56.250"
"'[21:57:54.000]',0.606,0.490,55.469"
"'[21:57:54.008]',0.654,0.478,55.469"
"'[21:57:54.016]',0.630,0.471,54.688"
"'[21:57:54.024]',0.669,0.459,54.688"
"'[21:57:54.032]',0.646,0.451,53.906"
"'[21:57:54.040]',0.701,0.443,53.906"
"'[21:57:54.048]',0.677,0.431,53.125"
"'[21:57:54.056]',0.717,0.424,53.125"
"'[21:57:54.064]',0.701,0.416,52.344"
"'[21:57:54.072]',0.748,0.404,52.344"
"'[21:57:54.080]',0.724,0.396,51.562"
"'[21:57:54.088]',0.780,0.388,51.562"
"'[21:57:54.096]',0.772,0.380,51.562"
"'[21:57:54.104]',0.819,0.373,51.562"
"'[21:57:54.112]',0.803,0.365,51.562"
"'[21:57:54.120]',0.850,0.361,52.344"
"'[21:57:54.128]',0.866,0.353,53.125"
"'[21:57:54.136]',0.906,0.345,55.469"
"'[21:57:54.144]',0.898,0.341,59.375"
"'[21:57:54.152]',0.929,0.333,64.062"
"'[21:57:54.160]',0.937,0.329,71.094"
"'[21:57:54.168]',0.906,0.322,78.125"
"'[21:57:54.176]',0.953,0.318,85.156"
"'[21:57:54.184]',0.913,0.314,92.188"
"'[21:57:54.192]',0.929,0.306,98.438"
"'[21:57:54.200]',0.866,0.302,103.906"
"'[21:57:54.208]',0.827,0.298,107.812"
"'[21:57:54.216]',0.764,0.290,110.156"
"'[21:57:54.224]',0.772,0.286,111.719"
"'[21:57:54.232]',0.685,0.278,112.500"
"'[21:57:54.240]',0.701,0.275,113.281"
"'[21:57:54.248]',0.638,0.271,112.500"
"'[21:57:54.256]',0.661,0.263,112.500"
"'[21:57:54.264]',0.622,0.259,111.719"
"'[21:57:54.272]',0.654,0.255,110.938"
"'[21:57:54.280]',0.614,0.251,109.375"
"'[21:57:54.288]',0.654,0.251,108.594"
"'[21:57:54.296]',0.614,0.251,107.031"
"'[21:57:54.304]',0.654,0.255,106.250"
"'[21:57:54.312]',0.622,0.259,105.469"
"'[21:57:54.320]',0.661,0.267,103.906"
"'[21:57:54.328]',0.622,0.278,102.344"
"'[21:57:54.336]',0.669,0.294,101.562"
"'[21:57:54.344]',0.630,0.318,100.000"
"'[21:57:54.352]',0.654,0.337,97.656"
"'[21:57:54.360]',0.638,0.369,95.312"
"'[21:57:54.368]',0.669,0.400,92.969"
"'[21:57:54.376]',0.677,0.431,89.844"
"'[21:57:54.384]',0.638,0.463,86.719"
"'[21:57:54.392]',0.669,0.502,83.594"
"'[21:57:54.400]',0.622,0.533,80.469"
"'[21:57:54.408]',0.654,0.565,78.125"
"'[21:57:54.416]',0.614,0.600,75.781"
"'[21:57:54.424]',0.654,0.624,74.219"
"'[21:57:54.432]',0.614,0.651,72.656"
"'[21:57:54.440]',0.654,0.675,71.875"
"'[21:57:54.448]',0.638,0.694,71.094"
"'[21:57:54.456]',0.709,0.710,70.312"
"'[21:57:54.464]',0.693,0.722,69.531"
"'[21:57:54.472]',0.764,0.733,69.531"
"'[21:57:54.480]',0.732,0.741,69.531"
"'[21:57:54.488]',0.780,0.749,68.750"
"'[21:57:54.496]',0.717,0.757,68.750"
"'[21:57:54.504]',0.724,0.757,67.969"
"'[21:57:54.512]',0.654,0.761,67.969"
"'[21:57:54.520]',0.685,0.761,67.188"
"'[21:57:54.528]',0.646,0.761,66.406"
"'[21:57:54.536]',0.654,0.757,65.625"
"'[21:57:54.544]',0.614,0.753,65.625"
"'[21:57:54.552]',0.622,0.749,64.844"
"'[21:57:54.560]',0.598,0.741,64.062"
"'[21:57:54.568]',0.583,0.733,63.281"
"'[21:57:54.576]',0.622,0.722,62.500"
"'[21:57:54.584]',0.583,0.710,61.719"
"'[21:57:54.592]',0.614,0.698,60.938"
"'[21:57:54.600]',0.583,0.686,60.156"
"'[21:57:54.608]',0.614,0.671,59.375"
"'[21:57:54.616]',0.583,0.659,58.594"
"'[21:57:54.624]',0.598,0.643,57.812"
"'[21:57:54.632]',0.520,0.631,57.812"
"'[21:57:54.640]',0.835,0.616,57.031"
"'[21:57:54.648]',1.433,0.604,56.250"
"'[21:57:54.656]',1.504,0.596,56.250"
"'[21:57:54.664]',1.504,0.584,55.469"
"'[21:57:54.672]',0.874,0.573,55.469"
"'[21:57:54.680]',0.520,0.565,54.688"
"'[21:57:54.688]',0.504,0.557,54.688"
"'[21:57:54.696]',0.528,0.545,54.688"
"'[21:57:54.704]',0.606,0.537,54.688"
"'[21:57:54.712]',0.583,0.529,54.688"
"'[21:57:54.720]',0.622,0.522,53.906"
"'[21:57:54.728]',0.591,0.514,53.906"
"'[21:57:54.736]',0.630,0.502,53.906"
"'[21:57:54.744]',0.606,0.494,53.125"
"'[21:57:54.752]',0.646,0.482,53.125"
"'[21:57:54.760]',0.630,0.475,53.125"
"'[21:57:54.768]',0.654,0.463,52.344"
"'[21:57:54.776]',0.669,0.451,52.344"
"'[21:57:54.784]',0.638,0.439,51.562"
"'[21:57:54.792]',0.677,0.427,51.562"
"'[21:57:54.800]',0.654,0.416,50.781"
"'[21:57:54.808]',0.701,0.404,50.781"
"'[21:57:54.816]',0.677,0.392,50.781"
"'[21:57:54.824]',0.732,0.380,50.000"
"'[21:57:54.832]',0.701,0.369,50.000"
"'[21:57:54.840]',0.748,0.357,49.219"
"'[21:57:54.848]',0.732,0.345,49.219"
"'[21:57:54.856]',0.780,0.337,48.438"
"'[21:57:54.864]',0.764,0.325,48.438"
"'[21:57:54.872]',0.819,0.314,48.438"
"'[21:57:54.880]',0.803,0.306,48.438"
"'[21:57:54.888]',0.866,0.298,48.438"
"'[21:57:54.896]',0.850,0.286,49.219"
"'[21:57:54.904]',0.906,0.278,50.000"
"'[21:57:54.912]',0.890,0.271,52.344"
"'[21:57:54.920]',0.945,0.267,55.469"
"'[21:57:54.928]',0.913,0.259,60.156"
"'[21:57:54.936]',0.961,0.251,66.406"
"'[21:57:54.944]',0.921,0.243,72.656"
"'[21:57:54.952]',0.945,0.239,79.688"
"'[21:57:54.960]',0.906,0.231,86.719"
"'[21:57:54.968]',0.913,0.227,92.969"
"'[21:57:54.976]',0.850,0.220,98.438"
"'[21:57:54.984]',0.819,0.216,103.125"
"'[21:57:54.992]',0.764,0.208,106.250"
"'[21:57:55.000]',0.724,0.204,107.812"
"'[21:57:55.008]',0.732,0.196,108.594"
"'[21:57:55.016]',0.661,0.192,108.594"
"'[21:57:55.024]',0.685,0.188,108.594"
"'[21:57:55.032]',0.630,0.184,107.812"
"'[21:57:55.040]',0.669,0.176,107.031"
"'[21:57:55.048]',0.630,0.176,106.250"
"'[21:57:55.056]',0.661,0.173,105.469"
"'[21:57:55.064]',0.630,0.176,103.906"
"'[21:57:55.072]',0.669,0.176,103.125"
"'[21:57:55.080]',0.630,0.188,101.562"
"'[21:57:55.088]',0.669,0.196,100.781"
"'[21:57:55.096]',0.630,0.208,99.219"
"'[21:57:55.104]',0.677,0.227,98.438"
"'[21:57:55.112]',0.638,0.251,96.875"
"'[21:57:55.120]',0.677,0.275,94.531"
"'[21:57:55.128]',0.646,0.306,92.969"
"'[21:57:55.136]',0.685,0.337,90.625"
"'[21:57:55.144]',0.646,0.376,87.500"
"'[21:57:55.152]',0.685,0.416,85.156"
"'[21:57:55.160]',0.646,0.455,82.031"
"'[21:57:55.168]',0.638,0.494,78.906"
"'[21:57:55.176]',0.669,0.529,75.781"
"'[21:57:55.184]',0.638,0.569,73.438"
"'[21:57:55.192]',0.669,0.600,71.094"
"'[21:57:55.200]',0.622,0.631,69.531"
"'[21:57:55.208]',0.677,0.659,68.750"
"'[21:57:55.216]',0.654,0.682,67.188"
"'[21:57:55.224]',0.724,0.702,66.406"
"'[21:57:55.232]',0.701,0.718,66.406"
"'[21:57:55.240]',0.756,0.733,65.625"
"'[21:57:55.248]',0.724,0.741,65.625"
"'[21:57:55.256]',0.764,0.753,65.625"
"'[21:57:55.264]',0.693,0.761,65.625"
"'[21:57:55.272]',0.701,0.765,65.625"
"'[21:57:55.280]',0.638,0.769,64.844"
"'[21:57:55.288]',0.669,0.769,64.844"
"'[21:57:55.296]',0.606,0.769,64.062"
"'[21:57:55.304]',0.638,0.769,64.062"
"'[21:57:55.312]',0.591,0.765,63.281"
"'[21:57:55.320]',0.614,0.761,63.281"
"'[21:57:55.328]',0.567,0.753,62.500"
"'[21:57:55.336]',0.598,0.745,61.719"
"'[21:57:55.344]',0.559,0.733,60.938"
"'[21:57:55.352]',0.598,0.725,60.938"
"'[21:57:55.360]',0.567,0.710,60.156"
"'[21:57:55.368]',0.606,0.698,59.375"
"'[21:57:55.376]',0.614,0.686,58.594"
"'[21:57:55.384]',0.559,0.671,57.812"
"'[21:57:55.392]',0.496,0.659,57.812"
"'[21:57:55.400]',0.638,0.643,57.031"
"'[21:57:55.408]',1.205,0.631,56.250"
"'[21:57:55.416]',1.504,0.620,56.250"
"'[21:57:55.424]',1.504,0.608,55.469"
"'[21:57:55.432]',1.189,0.600,55.469"
"'[21:57:55.440]',0.614,0.588,54.688"
"'[21:57:55.448]',0.441,0.580,54.688"
"'[21:57:55.456]',0.496,0.573,54.688"
"'[21:57:55.464]',0.488,0.565,53.906"
"'[21:57:55.472]',0.583,0.557,53.906"
"'[21:57:55.480]',0.567,0.549,53.906"
"'[21:57:55.488]',0.598,0.545,53.906"
"'[21:57:55.496]',0.559,0.537,53.125"
"'[21:57:55.504]',0.606,0.529,53.125"
"'[21:57:55.512]',0.583,0.522,53.125"
"'[21:57:55.520]',0.622,0.514,53.125"
"'[21:57:55.528]',0.598,0.506,52.344"
"'[21:57:55.536]',0.646,0.498,52.344"
"'[21:57:55.544]',0.606,0.486,52.344"
"'[21:57:55.552]',0.646,0.478,51.562"
"'[21:57:55.560]',0.622,0.471,51.562"
"'[21:57:55.568]',0.669,0.463,50.781"
"'[21:57:55.576]',0.646,0.451,50.781"
"'[21:57:55.584]',0.685,0.443,50.781"
"'[21:57:55.592]',0.693,0.431,50.000"
"'[21:57:55.600]',0.669,0.424,50.000"
"'[21:57:55.608]',0.709,0.416,49.219"
"'[21:57:55.616]',0.685,0.408,49.219"
"'[21:57:55.624]',0.748,0.400,49.219"
"'[21:57:55.632]',0.724,0.392,48.438"
"'[21:57:55.640]',0.780,0.384,48.438"
"'[21:57:55.648]',0.756,0.376,48.438"
"'[21:57:55.656]',0.819,0.369,49.219"
"'[21:57:55.664]',0.803,0.365,49.219"
"'[21:57:55.672]',0.866,0.357,51.562"
"'[21:57:55.680]',0.843,0.349,53.906"
"'[21:57:55.688]',0.898,0.345,58.594"
"'[21:57:55.696]',0.874,0.337,64.062"
"'[21:57:55.704]',0.913,0.333,70.312"
"'[21:57:55.712]',0.866,0.329,78.125"
"'[21:57:55.720]',0.890,0.322,85.156"
"'[21:57:55.728]',0.835,0.318,91.406"
"'[21:57:55.736]',0.843,0.314,97.656"
"'[21:57:55.744]',0.764,0.306,102.344"
"'[21:57:55.752]',0.748,0.302,105.469"
"'[21:57:55.760]',0.685,0.298,107.812"
"'[21:57:55.768]',0.669,0.290,108.594"
"'[21:57:55.776]',0.622,0.286,109.375"
"'[21:57:55.784]',0.638,0.282,109.375"
"'[21:57:55.792]',0.598,0.275,108.594"
"'[21:57:55.800]',0.583,0.275,107.812"
"'[21:57:55.808]',0.614,0.271,107.031"
"'[21:57:55.816]',0.583,0.271,106.250"
"'[21:57:55.824]',0.622,0.271,105.469"
"'[21:57:55.832]',0.583,0.267,103.906"
"'[21:57:55.840]',0.614,0.267,103.125"
"'[21:57:55.848]',0.598,0.263,102.344"
"'[21:57:55.856]',0.622,0.267,100.781"
"'[21:57:55.864]',0.598,0.271,100.000"
"'[21:57:55.872]',0.638,0.275,98.438"
"'[21:57:55.880]',0.614,0.286,96.875"
"'[21:57:55.888]',0.638,0.298,95.312"
"'[21:57:55.896]',0.614,0.318,92.969"
"'[21:57:55.904]',0.646,0.337,90.625"
"'[21:57:55.912]',0.606,0.365,87.500"
"'[21:57:55.920]',0.638,0.392,84.375"
"'[21:57:55.928]',0.606,0.427,81.250"
"'[21:57:55.936]',0.646,0.463,78.125"
"'[21:57:55.944]',0.606,0.498,75.781"
"'[21:57:55.952]',0.638,0.533,73.438"
"'[21:57:55.960]',0.606,0.569,71.094"
"'[21:57:55.968]',0.630,0.604,69.531"
"'[21:57:55.976]',0.606,0.639,68.750"
"'[21:57:55.984]',0.654,0.667,67.969"
"'[21:57:55.992]',0.646,0.694,67.188"
"'[21:57:56.000]',0.693,0.718,66.406"
"'[21:57:56.008]',0.709,0.737,66.406"
"'[21:57:56.016]',0.693,0.753,66.406"
"'[21:57:56.024]',0.724,0.765,66.406"
"'[21:57:56.032]',0.654,0.776,65.625"
"'[21:57:56.040]',0.622,0.784,65.625"
"'[21:57:56.048]',0.598,0.792,65.625"
"'[21:57:56.056]',0.614,0.796,65.625"
"'[21:57:56.064]',0.575,0.800,64.844"
"'[21:57:56.072]',0.598,0.800,64.062"
"'[21:57:56.080]',0.551,0.800,64.062"
"'[21:57:56.088]',0.567,0.800,63.281"
"'[21:57:56.096]',0.528,0.796,62.500"
"'[21:57:56.104]',0.567,0.792,61.719"
"'[21:57:56.112]',0.535,0.784,60.938"
"'[21:57:56.120]',0.575,0.776,60.938"
"'[21:57:56.128]',0.535,0.769,60.156"
"'[21:57:56.136]',0.583,0.757,59.375"
"'[21:57:56.144]',0.543,0.745,59.375"
"'[21:57:56.152]',0.583,0.729,58.594"
"'[21:57:56.160]',0.496,0.718,57.812"
"'[21:57:56.168]',0.472,0.702,57.031"
"'[21:57:56.176]',0.803,0.686,57.031"
"'[21:57:56.184]',1.504,0.675,56.250"
"'[21:57:56.192]',1.504,0.663,56.250"
"'[21:57:56.200]',1.504,0.651,55.469"
"'[21:57:56.208]',0.843,0.639,55.469"
"'[21:57:56.216]',0.512,0.627,54.688"
"'[21:57:56.224]',0.457,0.620,54.688"
"'[21:57:56.232]',0.512,0.608,54.688"
"'[21:57:56.240]',0.551,0.600,54.688"
"'[21:57:56.248]',0.583,0.596,54.688"
"'[21:57:56.256]',0.606,0.588,54.688"
"'[21:57:56.264]',0.559,0.584,53.906"
"'[21:57:56.272]',0.606,0.576,53.906"
"'[21:57:56.280]',0.575,0.573,53.906"
"'[21:57:56.288]',0.614,0.565,53.906"
"'[21:57:56.296]',0.591,0.561,53.906"
"'[21:57:56.304]',0.630,0.557,53.906"
"'[21:57:56.312]',0.606,0.549,53.906"
"'[21:57:56.320]',0.654,0.545,53.125"
"'[21:57:56.328]',0.622,0.537,53.125"
"'[21:57:56.336]',0.669,0.529,53.125"
"'[21:57:56.344]',0.630,0.522,53.125"
"'[21:57:56.352]',0.685,0.518,52.344"
"'[21:57:56.360]',0.654,0.510,52.344"
"'[21:57:56.368]',0.701,0.502,52.344"
"'[21:57:56.376]',0.677,0.494,51.562"
"'[21:57:56.384]',0.724,0.486,51.562"
"'[21:57:56.392]',0.709,0.478,51.562"
"'[21:57:56.400]',0.748,0.467,51.562"
"'[21:57:56.408]',0.740,0.459,50.781"
"'[21:57:56.416]',0.780,0.455,50.781"
"'[21:57:56.424]',0.795,0.447,51.562"
"'[21:57:56.432]',0.780,0.439,52.344"
"'[21:57:56.440]',0.843,0.431,53.906"
"'[21:57:56.448]',0.819,0.424,57.031"
"'[21:57:56.456]',0.882,0.420,61.719"
"'[21:57:56.464]',0.850,0.412,67.188"
"'[21:57:56.472]',0.898,0.408,74.219"
"'[21:57:56.480]',0.858,0.404,81.250"
"'[21:57:56.488]',0.890,0.400,88.281"
"'[21:57:56.496]',0.843,0.392,95.312"
"'[21:57:56.504]',0.850,0.392,101.562"
"'[21:57:56.512]',0.780,0.384,106.250"
"'[21:57:56.520]',0.780,0.380,110.156"
"'[21:57:56.528]',0.677,0.376,112.500"
"'[21:57:56.536]',0.685,0.373,113.281"
"'[21:57:56.544]',0.606,0.369,114.062"
"'[21:57:56.552]',0.622,0.365,114.062"
"'[21:57:56.560]',0.567,0.357,114.062"
"'[21:57:56.568]',0.598,0.357,113.281"
"'[21:57:56.576]',0.559,0.349,112.500"
"'[21:57:56.584]',0.591,0.345,111.719"
"'[21:57:56.592]',0.559,0.341,110.938"
"'[21:57:56.600]',0.591,0.341,110.156"
"'[21:57:56.608]',0.567,0.337,108.594"
"'[21:57:56.616]',0.598,0.337,107.812"
"'[21:57:56.624]',0.598,0.337,106.250"
"'[21:57:56.632]',0.567,0.345,105.469"
"'[21:57:56.640]',0.606,0.349,103.906"
"'[21:57:56.648]',0.559,0.361,102.344"
"'[21:57:56.656]',0.614,0.376,100.781"
"'[21:57:56.664]',0.583,0.396,99.219"
"'[21:57:56.672]',0.622,0.416,96.875"
"'[21:57:56.680]',0.583,0.443,94.531"
"'[21:57:56.688]',0.622,0.471,91.406"
"'[21:57:56.696]',0.583,0.502,88.281"
"'[21:57:56.704]',0.606,0.533,85.156"
"'[21:57:56.712]',0.567,0.569,82.031"
"'[21:57:56.720]',0.606,0.600,79.688"
"'[21:57:56.728]',0.567,0.635,77.344"
"'[21:57:56.736]',0.598,0.663,75.781"
"'[21:57:56.744]',0.567,0.690,74.219"
"'[21:57:56.752]',0.614,0.718,72.656"
"'[21:57:56.760]',0.598,0.737,71.875"
"'[21:57:56.768]',0.654,0.757,71.875"
"'[21:57:56.776]',0.638,0.773,71.094"
"'[21:57:56.784]',0.693,0.784,71.094"
"'[21:57:56.792]',0.669,0.796,70.312"
"'[21:57:56.800]',0.709,0.804,70.312"
"'[21:57:56.808]',0.654,0.808,70.312"
"'[21:57:56.816]',0.630,0.816,69.531"
"'[21:57:56.824]',0.654,0.816,69.531"
"'[21:57:56.832]',0.591,0.820,68.750"
"'[21:57:56.840]',0.622,0.820,68.750"
"'[21:57:56.848]',0.567,0.816,67.969"
"'[21:57:56.856]',0.591,0.788,67.969"
"'[21:57:56.864]',0.535,0.788,67.188"
"'[21:57:56.872]',0.559,0.784,66.406"
"'[21:57:56.880]',0.520,0.780,65.625"
"'[21:57:56.888]',0.559,0.773,64.844"
"'[21:57:56.896]',0.520,0.769,64.062"
"'[21:57:56.904]',0.551,0.757,64.062"
"'[21:57:56.912]',0.528,0.749,63.281"
"'[21:57:56.920]',0.559,0.737,62.500"
"'[21:57:56.928]',0.528,0.725,61.719"
"'[21:57:56.936]',0.535,0.714,61.719"
"'[21:57:56.944]',0.449,0.698,60.938"
"'[21:57:56.952]',0.748,0.682,60.156"
"'[21:57:56.960]',1.378,0.667,60.156"
"'[21:57:56.968]',1.504,0.651,59.375"
"'[21:57:56.976]',1.504,0.639,58.594"
"'[21:57:56.984]',0.866,0.624,58.594"
"'[21:57:56.992]',0.457,0.612,58.594"
